time,open,high,low,close,volume
1687478400,259.2900085449219,262.45001220703125,252.8000030517578,256.6000061035156,177460800.0
1687737600,250.07000732421875,258.3699951171875,240.6999969482422,241.0500030517578,179990600.0
1687824000,243.24000549316406,250.38999938964844,240.85000610351562,250.2100067138672,164968200.0
1687910400,249.6999969482422,259.8800048828125,248.88999938964844,256.239990234375,159770800.0
1687996800,258.0299987792969,260.739990234375,253.61000061035156,257.5,131283400.0
1688083200,260.6000061035156,264.45001220703125,259.8900146484375,261.7699890136719,112620800.0
1688342400,276.489990234375,284.25,275.1099853515625,279.82000732421875,119685900.0
1688515200,278.82000732421875,283.8500061035156,277.6000061035156,282.4800109863281,131530900.0
1688601600,278.0899963378906,279.9700012207031,272.8800048828125,276.5400085449219,120332100.0
1688688000,278.42999267578125,280.7799987792969,273.7699890136719,274.42999267578125,113879200.0
1688947200,276.4700012207031,277.5199890136719,265.1000061035156,269.6099853515625,119425400.0
1689033600,268.6499938964844,270.8999938964844,266.3699951171875,269.7900085449219,91972400.0
1689120000,276.3299865722656,276.5199890136719,271.4599914550781,271.989990234375,95672100.0
1689206400,274.5899963378906,279.45001220703125,270.6000061035156,277.8999938964844,112681500.0
1689292800,277.010009765625,285.29998779296875,276.30999755859375,281.3800048828125,120062400.0
1689552000,286.6300048828125,292.2300109863281,283.57000732421875,290.3800048828125,131569600.0
1689638400,290.1499938964844,295.260009765625,286.010009765625,293.3399963378906,112120300.0
1689724800,296.0400085449219,299.2900085449219,289.5199890136719,291.260009765625,142355400.0
1689811200,279.55999755859375,280.92999267578125,261.20001220703125,262.8999938964844,175158300.0
1689897600,268.0,268.0,255.8000030517578,260.0199890136719,161796100.0
1690156800,255.85000610351562,269.8500061035156,254.1199951171875,269.05999755859375,136508500.0
1690243200,272.3800048828125,272.8999938964844,265.0,265.2799987792969,112757300.0
1690329600,263.25,268.0400085449219,261.75,264.3500061035156,95856200.0
1690416000,268.30999755859375,269.1300048828125,255.3000030517578,255.7100067138672,103697300.0
1690502400,259.8599853515625,267.25,258.2300109863281,266.44000244140625,111446000.0
1690761600,267.4800109863281,269.0799865722656,263.7799987792969,267.42999267578125,84582200.0
1690848000,266.260009765625,266.4700012207031,260.25,261.07000732421875,83166000.0
1690934400,255.57000732421875,259.5199890136719,250.49000549316406,254.11000061035156,101752900.0
1691020800,252.0399932861328,260.489990234375,252.0,259.32000732421875,97569100.0
1691107200,260.9700012207031,264.7699890136719,253.11000061035156,253.86000061035156,99539900.0
1691366400,251.4499969482422,253.64999389648438,242.75999450683594,251.4499969482422,111097900.0
1691452800,247.4499969482422,250.9199981689453,245.00999450683594,249.6999969482422,96642200.0
1691539200,250.8699951171875,251.10000610351562,241.89999389648438,242.19000244140625,101596300.0
1691625600,245.39999389648438,251.8000030517578,243.0,245.33999633789062,109498600.0
1691712000,241.77000427246094,243.7899932861328,238.02000427246094,242.64999389648438,99038600.0
1691971200,235.6999969482422,240.66000366210938,233.75,239.75999450683594,98595300.0
1692057600,238.72999572753906,240.5,232.61000061035156,232.9600067138672,88197600.0
1692144000,228.02000427246094,233.97000122070312,225.3800048828125,225.60000610351562,112484500.0
1692230400,226.05999755859375,226.74000549316406,218.8300018310547,219.22000122070312,120718400.0
1692316800,214.1199951171875,217.5800018310547,212.36000061035156,215.49000549316406,136276600.0
1692576000,221.5500030517578,232.1300048828125,220.5800018310547,231.27999877929688,135702700.0
1692662400,240.25,240.82000732421875,229.5500030517578,233.19000244140625,130442800.0
1692748800,229.33999633789062,238.97999572753906,229.2899932861328,236.86000061035156,101077600.0
1692835200,238.66000366210938,238.9199981689453,228.17999267578125,230.0399932861328,99777400.0
1692921600,231.30999755859375,239.0,230.35000610351562,238.58999633789062,106612200.0
1693180800,242.5800018310547,244.3800048828125,235.35000610351562,238.82000732421875,107673700.0
1693267200,238.5800018310547,257.4800109863281,237.77000427246094,257.17999267578125,134047600.0
1693353600,254.1999969482422,260.510009765625,250.58999633789062,256.8999938964844,121988400.0
1693440000,255.97999572753906,261.17999267578125,255.0500030517578,258.0799865722656,108861700.0
1693526400,257.260009765625,259.0799865722656,242.00999450683594,245.00999450683594,132541600.0
1693872000,245.0,258.0,244.86000061035156,256.489990234375,129469600.0
1693958400,255.13999938964844,255.38999938964844,245.05999755859375,251.9199981689453,116959800.0
1694044800,245.07000732421875,252.80999755859375,243.27000427246094,251.49000549316406,115312900.0
1694131200,251.22000122070312,256.5199890136719,246.6699981689453,248.5,118367700.0
1694390400,264.2699890136719,274.8500061035156,260.6099853515625,273.5799865722656,174667900.0
1694476800,270.760009765625,278.3900146484375,266.6000061035156,267.4800109863281,135999900.0
1694563200,270.07000732421875,274.9800109863281,268.1000061035156,271.29998779296875,111673700.0
1694649600,271.32000732421875,276.7099914550781,270.4200134277344,276.0400085449219,107709800.0
1694736000,277.54998779296875,278.9800109863281,271.0,274.3900146484375,133692300.0
1694995200,271.1600036621094,271.44000244140625,263.760009765625,265.2799987792969,101543300.0
1695081600,264.3500061035156,267.8500061035156,261.20001220703125,266.5,103704000.0
1695168000,267.0400085449219,273.92999267578125,262.4599914550781,262.5899963378906,122514600.0
1695254400,257.8500061035156,260.8599853515625,254.2100067138672,255.6999969482422,119951500.0
1695340800,257.3999938964844,257.7900085449219,244.47999572753906,244.8800048828125,127524100.0
1695600000,243.3800048828125,247.10000610351562,238.30999755859375,246.99000549316406,104636600.0
1695686400,242.97999572753906,249.5500030517578,241.66000366210938,244.1199951171875,101993600.0
1695772800,244.25999450683594,245.3300018310547,234.5800018310547,240.5,136597200.0
1695859200,240.02000427246094,247.5500030517578,238.64999389648438,246.3800048828125,117058900.0
1695945600,250.0,254.77000427246094,246.35000610351562,250.22000122070312,128522700.0
1696204800,244.80999755859375,254.27999877929688,242.6199951171875,251.60000610351562,123810400.0
1696291200,248.61000061035156,250.02000427246094,244.4499969482422,246.52999877929688,101985300.0
1696377600,248.13999938964844,261.8599853515625,247.60000610351562,261.1600036621094,129721600.0
1696464000,260.0,263.6000061035156,256.25,260.04998779296875,119159200.0
1696550400,253.97999572753906,261.6499938964844,250.64999389648438,260.5299987792969,118121800.0
1696809600,255.30999755859375,261.3599853515625,252.0500030517578,259.6700134277344,101377900.0
1696896000,257.75,268.94000244140625,257.6499938964844,263.6199951171875,122656000.0
1696982400,266.20001220703125,268.6000061035156,260.8999938964844,262.989990234375,103706300.0
1697068800,262.9200134277344,265.4100036621094,256.6300048828125,258.8699951171875,111508100.0
1697155200,258.8999938964844,259.6000061035156,250.22000122070312,251.1199951171875,102073800.0
1697414400,250.0500030517578,255.39999389648438,248.47999572753906,253.9199981689453,88917200.0
1697500800,250.10000610351562,257.17999267578125,247.0800018310547,254.85000610351562,93562900.0
1697587200,252.6999969482422,254.6300048828125,242.0800018310547,242.67999267578125,125147800.0
1697673600,225.9499969482422,230.61000061035156,216.77999877929688,220.11000061035156,170772700.0
1697760000,217.00999450683594,218.86000061035156,210.4199981689453,211.99000549316406,138010100.0
1698019200,210.0,216.97999572753906,202.50999450683594,212.0800018310547,150683400.0
1698105600,216.5,222.0500030517578,214.11000061035156,216.52000427246094,118231100.0
1698192000,215.8800048828125,220.10000610351562,212.1999969482422,212.4199981689453,107065100.0
1698278400,211.32000732421875,214.8000030517578,204.8800048828125,205.75999450683594,115112600.0
1698364800,210.60000610351562,212.41000366210938,205.77000427246094,207.3000030517578,94881200.0
1698624000,209.27999877929688,210.8800048828125,194.6699981689453,197.36000061035156,136448200.0
1698710400,196.1199951171875,202.8000030517578,194.07000732421875,200.83999633789062,118068300.0
1698796800,204.0399932861328,205.99000549316406,197.85000610351562,205.66000366210938,121661700.0
1698883200,212.97000122070312,219.1999969482422,211.4499969482422,218.50999450683594,125987600.0
1698969600,221.14999389648438,226.3699951171875,218.39999389648438,219.9600067138672,119534800.0
1699228800,223.97999572753906,226.32000732421875,215.0,219.27000427246094,117335800.0
1699315200,219.97999572753906,223.1199951171875,215.72000122070312,222.17999267578125,116900100.0
1699401600,223.14999389648438,224.14999389648438,217.63999938964844,222.11000061035156,106584800.0
1699488000,219.75,220.8000030517578,206.67999267578125,209.97999572753906,142110500.0
1699574400,210.02999877929688,215.3800048828125,205.69000244140625,214.64999389648438,130994000.0
1699833600,215.60000610351562,225.39999389648438,211.61000061035156,223.7100067138672,140447600.0
1699920000,235.02999877929688,238.13999938964844,230.72000122070312,237.41000366210938,149771600.0
1700006400,239.2899932861328,246.6999969482422,236.4499969482422,242.83999633789062,150354000.0
1700092800,239.49000549316406,240.8800048828125,230.9600067138672,233.58999633789062,136816800.0
1700179200,232.0,237.38999938964844,226.5399932861328,234.3000030517578,142532800.0
1700438400,234.0399932861328,237.10000610351562,231.02000427246094,235.60000610351562,116320100.0
1700524800,235.0399932861328,243.6199951171875,233.33999633789062,241.1999969482422,122288000.0
1700611200,242.0399932861328,244.00999450683594,231.39999389648438,234.2100067138672,117950600.0
1700784000,233.75,238.75,232.3300018310547,235.4499969482422,65125200.0
1701043200,236.88999938964844,238.3300018310547,232.10000610351562,236.0800018310547,112031800.0
1701129600,236.67999267578125,247.0,234.00999450683594,246.72000122070312,148549900.0
1701216000,249.2100067138672,252.75,242.75999450683594,244.13999938964844,135401300.0
1701302400,245.13999938964844,245.22000122070312,236.91000366210938,240.0800018310547,132353200.0
1701388800,233.13999938964844,240.19000244140625,231.89999389648438,238.8300018310547,121331700.0
1701648000,235.75,239.3699951171875,233.2899932861328,235.5800018310547,104099800.0
1701734400,233.8699951171875,246.66000366210938,233.6999969482422,238.72000122070312,137971100.0
1701820800,242.9199981689453,246.57000732421875,239.1699981689453,239.3699951171875,126436200.0
1701907200,241.5500030517578,244.0800018310547,236.97999572753906,242.63999938964844,107142300.0
1701993600,240.27000427246094,245.27000427246094,239.27000427246094,243.83999633789062,103126800.0
1702252800,242.74000549316406,243.44000244140625,237.4499969482422,239.74000549316406,97913900.0
1702339200,238.5500030517578,238.99000549316406,233.8699951171875,237.00999450683594,95328300.0
1702425600,234.19000244140625,240.3000030517578,228.1999969482422,239.2899932861328,146286300.0
1702512000,241.22000122070312,253.8800048828125,240.7899932861328,251.0500030517578,160829200.0
1702598400,251.2100067138672,254.1300048828125,248.3000030517578,253.5,135932800.0
1702857600,253.77999877929688,258.739990234375,251.36000061035156,252.0800018310547,116416500.0
1702944000,253.47999572753906,258.3399963378906,253.00999450683594,257.2200012207031,106737400.0
1703030400,256.4100036621094,259.8399963378906,247.0,247.13999938964844,125097000.0
1703116800,251.89999389648438,254.8000030517578,248.5500030517578,254.5,109594200.0
1703203200,256.760009765625,258.2200012207031,251.3699951171875,252.5399932861328,93370100.0
1703548800,254.49000549316406,257.9700012207031,252.91000366210938,256.6099853515625,86892400.0
1703635200,258.3500061035156,263.3399963378906,257.5199890136719,261.44000244140625,106494400.0
1703721600,263.6600036621094,265.1300048828125,252.7100067138672,253.17999267578125,113619900.0
1703808000,255.10000610351562,255.19000244140625,247.42999267578125,248.47999572753906,100891600.0
1704153600,250.0800018310547,251.25,244.41000366210938,248.4199981689453,104654200.0
1704240000,244.97999572753906,245.67999267578125,236.32000732421875,238.4499969482422,121082600.0
1704326400,239.25,242.6999969482422,237.72999572753906,237.92999267578125,102629300.0
1704412800,236.86000061035156,240.1199951171875,234.89999389648438,237.49000549316406,92488900.0
1704672000,236.13999938964844,241.25,235.3000030517578,240.4499969482422,85166600.0
1704758400,238.11000061035156,238.9600067138672,232.0399932861328,234.9600067138672,96705700.0
1704844800,235.10000610351562,235.5,231.2899932861328,233.94000244140625,91628500.0
1704931200,230.57000732421875,230.92999267578125,225.3699951171875,227.22000122070312,105873600.0
1705017600,220.0800018310547,225.33999633789062,217.14999389648438,218.88999938964844,123043800.0
1705363200,215.10000610351562,223.49000549316406,212.17999267578125,219.91000366210938,115355000.0
1705449600,214.86000061035156,215.6699981689453,212.00999450683594,215.5500030517578,103164400.0
1705536000,216.8800048828125,217.4499969482422,208.74000549316406,211.8800048828125,108595400.0
1705622400,209.99000549316406,213.19000244140625,207.55999755859375,212.19000244140625,102260300.0
1705881600,212.25999450683594,217.8000030517578,206.27000427246094,208.8000030517578,117952500.0
1705968000,211.3000030517578,215.64999389648438,207.75,209.13999938964844,106605900.0
1706054400,211.8800048828125,212.72999572753906,206.77000427246094,207.8300018310547,123369900.0
1706140800,189.6999969482422,193.0,180.05999755859375,182.6300048828125,198076800.0
1706227200,185.5,186.77999877929688,182.10000610351562,183.25,107343200.0
1706486400,185.6300048828125,191.47999572753906,183.6699981689453,190.92999267578125,125013100.0
1706572800,195.3300018310547,196.36000061035156,190.61000061035156,191.58999633789062,109982300.0
1706659200,187.0,193.97000122070312,185.85000610351562,187.2899932861328,103221400.0
1706745600,188.5,189.8800048828125,184.27999877929688,188.86000061035156,91843300.0
1706832000,185.0399932861328,188.69000244140625,182.0,187.91000366210938,110612700.0
1707091200,184.25999450683594,184.67999267578125,175.00999450683594,181.05999755859375,134294400.0
1707177600,177.2100067138672,186.49000549316406,177.11000061035156,185.10000610351562,122676000.0
1707264000,188.17999267578125,189.7899932861328,182.67999267578125,187.5800018310547,111535200.0
1707350400,189.0,191.6199951171875,185.5800018310547,189.55999755859375,83034000.0
1707436800,190.17999267578125,194.1199951171875,189.47999572753906,193.57000732421875,84476300.0
1707696000,192.11000061035156,194.72999572753906,187.27999877929688,188.1300048828125,95498600.0
1707782400,183.99000549316406,187.25999450683594,182.11000061035156,184.02000427246094,86759500.0
1707868800,185.3000030517578,188.88999938964844,183.35000610351562,188.7100067138672,81203000.0
1707955200,189.16000366210938,200.8800048828125,188.86000061035156,200.4499969482422,120831800.0
1708041600,202.05999755859375,203.1699981689453,197.39999389648438,199.9499969482422,111346700.0
1708387200,196.1300048828125,198.60000610351562,189.1300048828125,193.75999450683594,104545800.0
1708473600,193.36000061035156,199.44000244140625,191.9499969482422,194.77000427246094,103500300.0
1708560000,194.0,198.32000732421875,191.36000061035156,197.41000366210938,92739500.0
1708646400,195.30999755859375,197.57000732421875,191.5,191.97000122070312,78841900.0
1708905600,192.2899932861328,201.77999877929688,192.0,199.39999389648438,111747100.0
1708992000,204.0399932861328,205.60000610351562,198.25999450683594,199.72999572753906,108645400.0
1709078400,200.4199981689453,205.3000030517578,198.44000244140625,202.0399932861328,99806200.0
1709164800,204.17999267578125,205.27999877929688,198.4499969482422,201.8800048828125,85907000.0
1709251200,200.52000427246094,204.52000427246094,198.5,202.63999938964844,82243100.0
1709510400,198.72999572753906,199.75,186.72000122070312,188.13999938964844,134334900.0
1709596800,183.0500030517578,184.58999633789062,177.57000732421875,180.74000549316406,119660800.0
1709683200,179.99000549316406,181.5800018310547,173.6999969482422,176.5399932861328,107920900.0
1709769600,174.35000610351562,180.0399932861328,173.6999969482422,178.64999389648438,102129000.0
1709856000,181.5,182.72999572753906,174.6999969482422,175.33999633789062,85544600.0
1710115200,175.4499969482422,182.8699951171875,174.8000030517578,177.77000427246094,85391500.0
1710201600,177.77000427246094,179.42999267578125,172.41000366210938,177.5399932861328,87391700.0
1710288000,173.0500030517578,176.0500030517578,169.14999389648438,169.47999572753906,106524500.0
1710374400,167.77000427246094,171.1699981689453,160.50999450683594,162.5,126325700.0
1710460800,163.16000366210938,165.17999267578125,160.75999450683594,163.57000732421875,97146800.0
1710720000,170.02000427246094,174.72000122070312,165.89999389648438,173.8000030517578,108214400.0
1710806400,172.36000061035156,172.82000732421875,167.4199981689453,171.32000732421875,77271400.0
1710892800,173.0,176.25,170.82000732421875,175.66000366210938,83846700.0
1710979200,176.38999938964844,178.17999267578125,171.8000030517578,172.82000732421875,73178000.0
1711065600,166.69000244140625,171.1999969482422,166.3000030517578,170.8300018310547,75580600.0
1711324800,168.75999450683594,175.24000549316406,168.72999572753906,172.6300048828125,74228600.0
1711411200,178.5800018310547,184.25,177.3800048828125,177.6699981689453,113186200.0
1711497600,181.41000366210938,181.91000366210938,176.0,179.8300018310547,81804000.0
1711584000,177.4499969482422,179.57000732421875,175.3000030517578,175.7899932861328,77654800.0
1711929600,176.1699981689453,176.75,170.2100067138672,175.22000122070312,81562100.0
1712016000,164.75,167.69000244140625,163.42999267578125,166.6300048828125,116650600.0
1712102400,164.02000427246094,168.82000732421875,163.27999877929688,168.3800048828125,82950100.0
1712188800,170.07000732421875,177.19000244140625,168.00999450683594,171.11000061035156,123162000.0
1712275200,169.0800018310547,170.86000061035156,160.50999450683594,164.89999389648438,143157600.0
1712534400,169.33999633789062,174.5,167.7899932861328,172.97999572753906,104423300.0
1712620800,172.91000366210938,179.22000122070312,171.9199981689453,176.8800048828125,102951700.0
1712707200,173.0399932861328,174.92999267578125,170.00999450683594,171.75999450683594,84532400.0
1712793600,172.5500030517578,175.8800048828125,168.50999450683594,174.60000610351562,94516000.0
1712880000,172.33999633789062,173.80999755859375,170.36000061035156,171.0500030517578,64722700.0
1713139200,170.24000549316406,170.69000244140625,161.3800048828125,161.47999572753906,100245300.0
1713225600,156.74000549316406,158.19000244140625,153.75,157.11000061035156,97000000.0
1713312000,157.63999938964844,158.3300018310547,153.77999877929688,155.4499969482422,82439700.0
1713398400,151.25,152.1999969482422,148.6999969482422,149.92999267578125,96098800.0
1713484800,148.97000122070312,150.94000244140625,146.22000122070312,147.0500030517578,87074500.0
1713744000,140.55999755859375,144.44000244140625,138.8000030517578,142.0500030517578,107097600.0
1713830400,143.3300018310547,147.25999450683594,141.11000061035156,144.67999267578125,124545100.0
1713916800,162.83999633789062,167.97000122070312,157.50999450683594,162.1300048828125,181178000.0
1714003200,158.9600067138672,170.8800048828125,158.36000061035156,170.17999267578125,126427500.0
1714089600,168.85000610351562,172.1199951171875,166.3699951171875,168.2899932861328,109815700.0
1714348800,188.4199981689453,198.8699951171875,184.5399932861328,194.0500030517578,243869700.0
1714435200,186.97999572753906,190.9499969482422,182.83999633789062,183.27999877929688,127031800.0
1714521600,182.0,185.86000061035156,179.00999450683594,179.99000549316406,92829700.0
1714608000,182.86000061035156,184.60000610351562,176.02000427246094,180.00999450683594,89148000.0
1714694400,182.10000610351562,184.77999877929688,178.4199981689453,181.19000244140625,75491500.0
1714953600,183.8000030517578,187.55999755859375,182.1999969482422,184.75999450683594,84390300.0
1715040000,182.39999389648438,183.25999450683594,177.39999389648438,177.80999755859375,75045900.0
1715126400,171.58999633789062,176.05999755859375,170.14999389648438,174.72000122070312,79969500.0
1715212800,175.00999450683594,175.6199951171875,171.3699951171875,171.97000122070312,65950300.0
1715299200,173.0500030517578,173.05999755859375,167.75,168.47000122070312,72627200.0
1715558400,170.0,175.39999389648438,169.0,171.88999938964844,67018900.0
1715644800,174.5,179.49000549316406,174.07000732421875,177.5500030517578,86407400.0
1715731200,179.89999389648438,180.0,173.11000061035156,173.99000549316406,79663000.0
1715817600,174.10000610351562,175.7899932861328,171.42999267578125,174.83999633789062,59812200.0
1715904000,173.5500030517578,179.6300048828125,172.75,177.4600067138672,77445800.0
1716163200,177.55999755859375,177.75,173.52000427246094,174.9499969482422,61727400.0
1716249600,175.50999450683594,186.8800048828125,174.7100067138672,186.60000610351562,115266500.0
1716336000,182.85000610351562,183.8000030517578,178.1199951171875,180.11000061035156,88313500.0
1716422400,181.8000030517578,181.89999389648438,173.25999450683594,173.74000549316406,71975500.0
1716508800,174.83999633789062,180.0800018310547,173.72999572753906,179.24000549316406,65584500.0
1716854400,176.39999389648438,178.25,173.16000366210938,176.75,59736600.0
1716940800,174.19000244140625,178.14999389648438,173.92999267578125,176.19000244140625,54782600.0
1717027200,178.5800018310547,182.6699981689453,175.3800048828125,178.7899932861328,77618400.0
1717113600,178.5,180.32000732421875,173.82000732421875,178.0800018310547,67314600.0
1717372800,178.1300048828125,182.63999938964844,174.49000549316406,176.2899932861328,68568900.0
1717459200,174.77999877929688,177.75999450683594,174.0,174.77000427246094,60056300.0
1717545600,175.35000610351562,176.14999389648438,172.1300048828125,175.0,57953800.0
1717632000,174.60000610351562,179.72999572753906,172.72999572753906,177.94000244140625,69887000.0
1717718400,176.1300048828125,179.35000610351562,175.5800018310547,177.47999572753906,56244900.0
1717977600,176.05999755859375,178.57000732421875,173.1699981689453,173.7899932861328,50774600.0
1718064000,173.9199981689453,174.75,167.41000366210938,170.66000366210938,64761900.0
1718150400,171.1199951171875,180.5500030517578,169.8000030517578,177.2899932861328,90389400.0
1718236800,188.38999938964844,191.0800018310547,181.22999572753906,182.47000122070312,118984100.0
1718323200,185.8000030517578,186.0,176.9199981689453,178.00999450683594,82038200.0
1718582400,177.9199981689453,188.80999755859375,177.0,187.44000244140625,109786100.0
1718668800,186.55999755859375,187.1999969482422,182.3699951171875,184.86000061035156,68982300.0
1718841600,184.67999267578125,185.2100067138672,179.66000366210938,181.57000732421875,55893100.0
1718928000,182.3000030517578,183.9499969482422,180.69000244140625,183.00999450683594,61937300.0
1719187200,184.97000122070312,188.8000030517578,182.5500030517578,182.5800018310547,61992100.0
1719273600,184.39999389648438,187.97000122070312,182.00999450683594,187.35000610351562,62905700.0
1719360000,186.5399932861328,197.75999450683594,186.36000061035156,196.3699951171875,95737100.0
1719446400,195.1699981689453,198.72000122070312,194.0500030517578,197.4199981689453,72746500.0
1719532800,199.5500030517578,203.1999969482422,195.25999450683594,197.8800048828125,95438100.0
1719792000,201.02000427246094,213.22999572753906,200.85000610351562,209.86000061035156,135691400.0
1719878400,218.88999938964844,231.3000030517578,218.05999755859375,231.25999450683594,205047900.0
1719964800,234.55999755859375,248.35000610351562,234.25,246.38999938964844,166561500.0
1720137600,249.80999755859375,252.3699951171875,242.4600067138672,251.52000427246094,154501200.0
1720396800,247.7100067138672,259.44000244140625,244.57000732421875,252.94000244140625,157219600.0
1720483200,251.0,265.6099853515625,250.3000030517578,262.3299865722656,160210900.0
1720569600,262.79998779296875,267.5899963378906,257.8599853515625,263.260009765625,128519400.0
1720656000,263.29998779296875,271.0,239.64999389648438,241.02999877929688,221707300.0
1720742400,235.8000030517578,251.83999633789062,233.08999633789062,248.22999572753906,155955800.0
1721001600,255.97000122070312,265.6000061035156,251.72999572753906,252.63999938964844,146912900.0
1721088000,255.30999755859375,258.6199951171875,245.8000030517578,256.55999755859375,126332500.0
1721174400,252.72999572753906,258.4700012207031,246.17999267578125,248.5,115584800.0
1721260800,251.08999633789062,257.1400146484375,247.1999969482422,249.22999572753906,110869000.0
1721347200,247.7899932861328,249.44000244140625,236.8300018310547,239.1999969482422,87403900.0
1721606400,244.2100067138672,253.2100067138672,243.75,251.50999450683594,101225400.0
1721692800,253.60000610351562,255.75999450683594,245.6300048828125,246.3800048828125,111928200.0
1721779200,225.4199981689453,225.99000549316406,214.7100067138672,215.99000549316406,167942900.0
1721865600,216.8000030517578,226.0,216.22999572753906,220.25,100636500.0
1721952000,221.19000244140625,222.27999877929688,215.3300018310547,219.8000030517578,94604100.0
1722211200,224.89999389648438,234.27000427246094,224.6999969482422,232.10000610351562,129201800.0
1722297600,232.25,232.41000366210938,220.0,222.6199951171875,100560300.0
1722384000,227.89999389648438,234.67999267578125,226.7899932861328,232.07000732421875,67497000.0
1722470400,227.69000244140625,231.8699951171875,214.3300018310547,216.86000061035156,83861900.0
1722556800,214.8800048828125,216.1300048828125,205.77999877929688,207.6699981689453,82880100.0
1722816000,185.22000122070312,203.8800048828125,182.0,198.8800048828125,100308800.0
1722902400,200.75,202.89999389648438,192.6699981689453,200.63999938964844,73783900.0
1722988800,200.77000427246094,203.49000549316406,191.47999572753906,191.75999450683594,71159800.0
1723075200,195.6999969482422,200.6999969482422,192.0399932861328,198.83999633789062,65033900.0
1723161600,197.0500030517578,200.8800048828125,195.11000061035156,200.0,58648300.0
1723420800,199.02000427246094,199.25999450683594,194.6699981689453,197.49000549316406,64044900.0
1723507200,198.47000122070312,208.49000549316406,197.05999755859375,207.8300018310547,76247400.0
1723593600,207.38999938964844,208.44000244140625,198.75,201.3800048828125,70250000.0
1723680000,205.02000427246094,215.8800048828125,204.82000732421875,214.13999938964844,89848500.0
1723766400,211.14999389648438,219.8000030517578,210.8000030517578,216.1199951171875,88765100.0
1724025600,217.07000732421875,222.97999572753906,214.08999633789062,222.72000122070312,76435200.0
1724112000,224.8800048828125,228.22000122070312,219.55999755859375,221.10000610351562,74001200.0
1724198400,222.6699981689453,224.66000366210938,218.86000061035156,223.27000427246094,70146000.0
1724284800,223.82000732421875,224.8000030517578,210.32000732421875,210.66000366210938,79514500.0
1724371200,214.4600067138672,221.47999572753906,214.2100067138672,220.32000732421875,81525200.0
1724630400,218.75,219.08999633789062,211.00999450683594,213.2100067138672,59301200.0
1724716800,213.25,215.66000366210938,206.94000244140625,209.2100067138672,62821400.0
1724803200,209.72000122070312,211.83999633789062,202.58999633789062,205.75,64116400.0
1724889600,209.8000030517578,214.88999938964844,205.97000122070312,206.27999877929688,62308800.0
1724976000,208.6300048828125,214.57000732421875,207.02999877929688,214.11000061035156,63370600.0
1725321600,215.25999450683594,219.89999389648438,209.63999938964844,210.60000610351562,76714200.0
1725408000,210.58999633789062,222.22000122070312,210.57000732421875,219.41000366210938,80651800.0
1725494400,223.49000549316406,235.0,222.25,230.1699981689453,119355000.0
1725580800,232.60000610351562,233.60000610351562,210.50999450683594,210.72999572753906,112177000.0
1725840000,216.1999969482422,219.8699951171875,213.6699981689453,216.27000427246094,67443500.0
1725926400,220.07000732421875,226.39999389648438,218.63999938964844,226.1699981689453,78891100.0
1726012800,224.5500030517578,228.47000122070312,216.8000030517578,228.1300048828125,83548600.0
1726099200,224.66000366210938,231.4499969482422,223.8300018310547,229.80999755859375,71894900.0
1726185600,228.0,232.6699981689453,226.32000732421875,230.2899932861328,59515100.0
1726444800,229.3000030517578,229.9600067138672,223.52999877929688,226.77999877929688,54323000.0
1726531200,229.4499969482422,234.57000732421875,226.5500030517578,227.8699951171875,66761600.0
1726617600,230.08999633789062,235.67999267578125,226.8800048828125,227.1999969482422,78010200.0
1726704000,234.0,244.24000549316406,232.1300048828125,243.9199981689453,102694600.0
1726790400,241.52000427246094,243.99000549316406,235.9199981689453,238.25,99879100.0
1727049600,242.61000061035156,250.0,241.9199981689453,250.0,86927200.0
1727136000,254.0800018310547,257.19000244140625,249.0500030517578,254.27000427246094,88491000.0
1727222400,252.5399932861328,257.04998779296875,252.27999877929688,257.0199890136719,65034300.0
1727308800,260.6000061035156,261.75,251.52999877929688,254.22000122070312,67142200.0
1727395200,257.3800048828125,260.70001220703125,254.1199951171875,260.4599914550781,70988100.0
1727654400,259.0400085449219,264.8599853515625,255.77000427246094,261.6300048828125,80705700.0
1727740800,262.6700134277344,263.9800109863281,248.52999877929688,258.0199890136719,87397600.0
1727827200,247.5500030517578,251.16000366210938,241.5,249.02000427246094,93983900.0
1727913600,244.47999572753906,249.7899932861328,237.80999755859375,240.66000366210938,80729200.0
1728000000,246.69000244140625,250.9600067138672,244.5800018310547,250.0800018310547,86573200.0
1728259200,249.0,249.8300018310547,240.6999969482422,240.8300018310547,68113300.0
1728345600,243.55999755859375,246.2100067138672,240.55999755859375,244.5,56303200.0
1728432000,243.82000732421875,247.42999267578125,239.50999450683594,241.0500030517578,66289500.0
1728518400,241.80999755859375,242.7899932861328,232.33999633789062,238.77000427246094,83087100.0
1728604800,220.1300048828125,223.33999633789062,214.3800048828125,217.8000030517578,142628900.0
1728864000,220.1300048828125,221.91000366210938,213.74000549316406,219.16000366210938,86291900.0
1728950400,220.00999450683594,224.25999450683594,217.1199951171875,219.57000732421875,62988800.0
1729036800,221.39999389648438,222.82000732421875,218.92999267578125,221.3300018310547,49632800.0
1729123200,221.58999633789062,222.0800018310547,217.89999389648438,220.88999938964844,50791800.0
1729209600,220.7100067138672,222.27999877929688,219.22999572753906,220.6999969482422,49611900.0
1729468800,218.89999389648438,220.47999572753906,215.72999572753906,218.85000610351562,47329000.0
1729555200,217.30999755859375,218.22000122070312,215.25999450683594,217.97000122070312,43268700.0
1729641600,217.1300048828125,218.72000122070312,212.11000061035156,213.64999389648438,80938900.0
1729728000,244.67999267578125,262.1199951171875,242.64999389648438,260.4800109863281,204491900.0
1729814400,256.010009765625,269.489990234375,255.32000732421875,269.19000244140625,161611900.0
1730073600,270.0,273.5400085449219,262.239990234375,262.510009765625,107653600.0
1730160000,264.510009765625,264.9800109863281,255.50999450683594,259.5199890136719,80521800.0
1730246400,258.0400085449219,263.3500061035156,255.82000732421875,257.54998779296875,53993600.0
1730332800,257.989990234375,259.75,249.25,249.85000610351562,66575300.0
1730419200,252.0399932861328,254.0,246.6300048828125,248.97999572753906,57544800.0
1730678400,244.55999755859375,248.89999389648438,238.8800048828125,242.83999633789062,68802400.0
1730764800,247.33999633789062,255.27999877929688,246.2100067138672,251.44000244140625,69282500.0
1730851200,284.6700134277344,289.5899963378906,275.6199951171875,288.5299987792969,165228700.0
1730937600,288.8900146484375,299.75,285.5199890136719,296.9100036621094,117309200.0
1731024000,299.1400146484375,328.7099914550781,297.6600036621094,321.2200012207031,204782800.0
1731283200,346.29998779296875,358.6400146484375,336.0,350.0,210521600.0
1731369600,342.739990234375,345.8399963378906,323.30999755859375,328.489990234375,155726000.0
1731456000,335.8500061035156,344.6000061035156,322.5,330.239990234375,125405600.0
1731542400,327.69000244140625,329.9800109863281,310.3699951171875,311.17999267578125,120726100.0
1731628800,310.57000732421875,324.67999267578125,309.2200012207031,320.7200012207031,114440300.0
1731888000,340.7300109863281,348.54998779296875,330.010009765625,338.739990234375,126085600.0
1731974400,335.760009765625,347.3800048828125,332.75,346.0,88852500.0
1732060800,345.0,346.6000061035156,334.29998779296875,342.0299987792969,66340700.0
1732147200,343.80999755859375,347.989990234375,335.2799987792969,339.6400146484375,58011700.0
1732233600,341.0899963378906,361.5299987792969,337.70001220703125,352.55999755859375,89140700.0
1732492800,360.1400146484375,361.92999267578125,338.20001220703125,338.5899963378906,95890900.0
1732579200,341.0,346.9599914550781,335.6600036621094,338.2300109863281,62295900.0
1732665600,341.79998779296875,342.54998779296875,326.5899963378906,332.8900146484375,57896400.0
1732838400,336.0799865722656,345.45001220703125,334.6499938964844,345.1600036621094,37167600.0
1733097600,352.3800048828125,360.0,351.1499938964844,357.0899963378906,77986500.0
1733184000,351.79998779296875,355.69000244140625,348.20001220703125,351.4200134277344,58267200.0
1733270400,353.0,358.1000061035156,348.6000061035156,357.92999267578125,50810900.0
1733356800,359.8699951171875,375.42999267578125,359.5,369.489990234375,81403600.0
1733443200,377.4200134277344,389.489990234375,370.79998779296875,389.2200012207031,81455800.0
1733702400,397.6099853515625,404.79998779296875,378.010009765625,389.7900085449219,96359200.0
1733788800,392.67999267578125,409.7300109863281,390.8500061035156,400.989990234375,97563600.0
1733875200,409.70001220703125,424.8800048828125,402.3800048828125,424.7699890136719,104287600.0
1733961600,424.8399963378906,429.29998779296875,415.0,418.1000061035156,87752200.0
1734048000,420.0,436.29998779296875,415.7099914550781,436.2300109863281,89000200.0
1734307200,441.0899963378906,463.19000244140625,436.1499938964844,463.0199890136719,114083800.0
1734393600,475.8999938964844,483.989990234375,457.510009765625,479.8599853515625,131223000.0
1734480000,466.5,488.5400085449219,427.010009765625,440.1300048828125,149340800.0
1734566400,451.8800048828125,456.3599853515625,420.0199890136719,436.1700134277344,118566100.0
1734652800,425.510009765625,447.0799865722656,417.6400146484375,421.05999755859375,132216200.0
1734912000,431.0,434.510009765625,415.4100036621094,430.6000061035156,72698100.0
1734998400,435.8999938964844,462.7799987792969,435.1400146484375,462.2799987792969,59551800.0
1735171200,465.1600036621094,465.3299865722656,451.0199890136719,454.1300048828125,76366400.0
1735257600,449.5199890136719,450.0,426.5,431.6600036621094,82666800.0
1735516800,419.3999938964844,427.0,415.75,417.4100036621094,64941000.0
1735603200,423.7900085449219,427.92999267578125,402.5400085449219,403.8399963378906,76825100.0
1735776000,390.1000061035156,392.7300109863281,373.0400085449219,379.2799987792969,109710700.0
1735862400,381.4800109863281,411.8800048828125,379.45001220703125,410.44000244140625,95423300.0
1736121600,423.20001220703125,426.42999267578125,401.70001220703125,411.04998779296875,85516500.0
1736208000,405.8299865722656,414.3299865722656,390.0,394.3599853515625,75699500.0
1736294400,392.95001220703125,402.5,387.3999938964844,394.94000244140625,73038800.0
1736467200,391.3999938964844,399.2799987792969,377.2900085449219,394.739990234375,62287300.0
1736726400,383.2099914550781,403.7900085449219,380.07000732421875,403.30999755859375,67580500.0
1736812800,414.3399963378906,422.6400146484375,394.5400085449219,396.3599853515625,84565000.0
1736899200,409.8999938964844,429.79998779296875,405.6600036621094,428.2200012207031,81375500.0
1736985600,423.489990234375,424.0,409.1300048828125,413.82000732421875,68335200.0
1737072000,421.5,439.739990234375,419.75,426.5,94991400.0
1737417600,432.6400146484375,433.20001220703125,406.30999755859375,424.07000732421875,87320900.0
1737504000,416.80999755859375,428.0,414.5899963378906,415.1099853515625,60963300.0
1737590400,416.05999755859375,420.7300109863281,408.95001220703125,412.3800048828125,50690600.0
1737676800,414.45001220703125,418.8800048828125,405.7799987792969,406.5799865722656,56427100.0
1737936000,394.79998779296875,406.69000244140625,389.0,397.1499938964844,58125500.0
1738022400,396.9100036621094,400.5899963378906,386.5,398.0899963378906,48910700.0
1738108800,395.2099914550781,398.5899963378906,384.4800109863281,389.1000061035156,68033600.0
1738195200,410.7799987792969,412.5,384.4100036621094,400.2799987792969,98092900.0
1738281600,401.5299987792969,419.989990234375,401.3399963378906,404.6000061035156,83283600.0
1738540800,386.67999267578125,389.1700134277344,374.3599853515625,383.67999267578125,93732100.0
1738627200,382.6300048828125,394.0,381.3999938964844,392.2099914550781,57072200.0
1738713600,387.510009765625,388.3900146484375,375.5299987792969,378.1700134277344,57223300.0
1738800000,373.0299987792969,375.3999938964844,363.17999267578125,374.32000732421875,77918200.0
1738886400,370.19000244140625,380.54998779296875,360.3399963378906,361.6199951171875,70298300.0
1739145600,356.2099914550781,362.70001220703125,350.510009765625,350.7300109863281,77514900.0
1739232000,345.79998779296875,349.3699951171875,325.1000061035156,328.5,118543400.0
1739318400,329.94000244140625,346.3999938964844,329.1199951171875,336.510009765625,105382700.0
1739404800,345.0,358.69000244140625,342.8500061035156,355.94000244140625,89441500.0
1739491200,360.6199951171875,362.0,347.5,355.8399963378906,68277300.0
1739836800,355.010009765625,359.1000061035156,350.0199890136719,354.1099853515625,51631700.0
1739923200,354.0,367.3399963378906,353.6700134277344,360.55999755859375,67094400.0
1740009600,361.510009765625,362.29998779296875,348.0,354.3999938964844,45965400.0
1740096000,353.44000244140625,354.9800109863281,334.4200134277344,337.79998779296875,74058600.0
1740355200,338.1400146484375,342.3999938964844,324.70001220703125,330.5299987792969,76052300.0
1740441600,327.0199890136719,328.8900146484375,297.25,302.79998779296875,134228800.0
1740528000,303.7099914550781,309.0,288.0400085449219,290.79998779296875,100118300.0
1740614400,291.1600036621094,297.2300109863281,280.8800048828125,281.95001220703125,101748200.0
1740700800,279.5,293.8800048828125,273.6000061035156,292.9800109863281,115697000.0
1740960000,300.3399963378906,303.94000244140625,277.29998779296875,284.6499938964844,115551400.0
1741046400,270.92999267578125,284.3500061035156,261.8399963378906,272.0400085449219,126706600.0
1741132800,272.9200134277344,279.54998779296875,267.7099914550781,279.1000061035156,94042900.0
1741219200,272.05999755859375,272.6499938964844,260.0199890136719,263.45001220703125,98451600.0
1741305600,259.32000732421875,266.25,250.72999572753906,262.6700134277344,102369600.0
1741564800,252.5399932861328,253.3699951171875,220.0,222.14999389648438,189076900.0
1741651200,225.30999755859375,237.05999755859375,217.02000427246094,230.5800018310547,174896400.0
1741737600,247.22000122070312,251.83999633789062,241.10000610351562,248.08999633789062,142215700.0
1741824000,248.1300048828125,248.2899932861328,232.60000610351562,240.67999267578125,114813500.0
1741910400,247.30999755859375,251.5800018310547,240.72999572753906,249.97999572753906,100242300.0
1742169600,245.05999755859375,245.39999389648438,232.8000030517578,238.00999450683594,111900600.0
1742256000,228.16000366210938,230.10000610351562,222.27999877929688,225.30999755859375,111477600.0
1742342400,231.61000061035156,241.41000366210938,229.1999969482422,235.86000061035156,111993800.0
1742428800,233.35000610351562,238.0,230.0500030517578,236.25999450683594,99028300.0
1742515200,234.99000549316406,249.52000427246094,234.5500030517578,248.7100067138672,132728700.0
1742774400,258.0799865722656,278.6400146484375,256.3299865722656,278.3900146484375,169079900.0
1742860800,283.6000061035156,288.20001220703125,271.2799987792969,288.1400146484375,150361500.0
1742947200,282.6600036621094,284.8999938964844,266.510009765625,272.05999755859375,153629800.0
1743033600,272.4800109863281,291.8500061035156,271.82000732421875,273.1300048828125,162572100.0
1743120000,275.5799865722656,276.1000061035156,260.57000732421875,263.54998779296875,123809400.0
1743379200,249.30999755859375,260.55999755859375,243.36000061035156,259.1600036621094,134008900.0
1743465600,263.79998779296875,277.45001220703125,259.25,268.4599914550781,146486900.0
1743552000,254.60000610351562,284.989990234375,251.27000427246094,282.760009765625,212787800.0
1743638400,265.2900085449219,276.29998779296875,261.510009765625,267.2799987792969,136174300.0
1743724800,255.3800048828125,261.0,236.0,239.42999267578125,181229400.0
1743984000,223.77999877929688,252.0,214.25,233.2899932861328,183453800.0
1744070400,245.0,250.44000244140625,217.8000030517578,221.86000061035156,171603500.0
1744156800,224.69000244140625,274.69000244140625,223.8800048828125,272.20001220703125,219433400.0
1744243200,260.0,262.489990234375,239.3300018310547,252.39999389648438,181722600.0
1744329600,251.83999633789062,257.739990234375,241.36000061035156,252.30999755859375,128948100.0
1744588800,258.3599853515625,261.79998779296875,245.92999267578125,252.35000610351562,100135200.0
1744675200,249.91000366210938,258.75,247.5399932861328,254.11000061035156,79594300.0
1744761600,247.61000061035156,251.97000122070312,233.88999938964844,241.5500030517578,112378700.0
1744848000,243.47000122070312,244.33999633789062,237.67999267578125,241.3699951171875,83404800.0
1745193600,230.25999450683594,232.2100067138672,222.7899932861328,227.5,97768000.0
1745280000,230.9600067138672,242.7899932861328,229.85000610351562,237.97000122070312,120858500.0
1745366400,254.86000061035156,259.45001220703125,244.42999267578125,250.74000549316406,150381900.0
1745452800,250.5,259.5400085449219,249.1999969482422,259.510009765625,94464200.0
1745539200,261.69000244140625,286.8500061035156,259.6300048828125,284.95001220703125,167560700.0
1745798400,288.9800109863281,294.8599853515625,272.4200134277344,285.8800048828125,151731800.0
1745884800,285.5,293.32000732421875,279.4700012207031,292.0299987792969,108906600.0
1745971200,279.8999938964844,284.45001220703125,270.7799987792969,282.1600036621094,128961100.0
1746057600,280.010009765625,290.8699951171875,279.80999755859375,280.5199890136719,99659000.0
1746144000,284.8999938964844,294.7799987792969,279.80999755859375,287.2099914550781,114454700.0
1746403200,284.57000732421875,284.8500061035156,274.3999938964844,280.260009765625,94618900.0
1746489600,273.1099853515625,277.7300109863281,271.3500061035156,275.3500061035156,76715800.0
1746576000,276.8800048828125,277.9200134277344,271.0,276.2200012207031,71592600.0
1746662400,279.6300048828125,289.79998779296875,279.4100036621094,284.82000732421875,97539400.0
1746748800,290.2099914550781,307.0400085449219,290.0,298.260009765625,132387800.0
1747008000,321.989990234375,322.2099914550781,311.5,318.3800048828125,112826700.0
1747094400,320.0,337.5899963378906,316.79998779296875,334.07000732421875,136992600.0
1747180800,342.5,350.0,337.0,347.67999267578125,136997300.0
1747267200,340.3399963378906,346.1400146484375,334.7200012207031,342.82000732421875,97882600.0
1747353600,346.239990234375,351.6199951171875,342.3299865722656,349.9800109863281,95895700.0
1747612800,336.29998779296875,343.0,333.3699951171875,342.0899963378906,88869900.0
1747699200,347.8699951171875,354.989990234375,341.6300048828125,343.82000732421875,131715500.0
1747785600,344.42999267578125,347.3500061035156,332.20001220703125,334.6199951171875,102354800.0
1747872000,331.8999938964844,347.2699890136719,331.3900146484375,341.0400085449219,97113400.0
1747958400,337.9200134277344,343.17999267578125,333.2099914550781,339.3399963378906,84654800.0
1748304000,347.3500061035156,363.7900085449219,347.32000732421875,362.8900146484375,120146400.0
1748390400,364.8399963378906,365.0,355.9100036621094,356.8999938964844,91404300.0
1748476800,365.2900085449219,367.7099914550781,356.0,358.42999267578125,88087800.0
1748563200,355.5199890136719,363.67999267578125,345.2900085449219,346.4599914550781,123474900.0
1748822400,343.5,348.0199890136719,333.3299865722656,342.69000244140625,81873800.0
1748908800,346.6000061035156,355.3999938964844,343.0400085449219,344.2699890136719,99324500.0
1748995200,345.1000061035156,345.6000061035156,327.3299865722656,332.04998779296875,98912100.0
1749081600,322.489990234375,324.54998779296875,273.2099914550781,284.70001220703125,287499800.0
1749168000,298.8299865722656,305.5,291.1400146484375,295.1400146484375,164747700.0
1749427200,285.9599914550781,309.8299865722656,281.8500061035156,308.5799865722656,140908900.0
1749513600,314.94000244140625,327.8299865722656,310.6700134277344,326.0899963378906,151256500.0
1749600000,334.3999938964844,335.5,322.5,326.42999267578125,122611400.0
1749686400,323.0799865722656,332.55999755859375,316.8599853515625,319.1099853515625,105127500.0
1749772800,313.9700012207031,332.989990234375,313.29998779296875,325.30999755859375,128964300.0
1750032000,331.2900085449219,332.04998779296875,326.4100036621094,329.1300048828125,83925900.0
1750118400,326.0899963378906,327.260009765625,314.739990234375,316.3500061035156,88282700.0
1750204800,317.30999755859375,329.32000732421875,315.45001220703125,322.04998779296875,95137700.0
1750377600,327.95001220703125,332.3599853515625,317.7799987792969,322.1600036621094,108688000.0
1750636800,327.5400085449219,357.5400085449219,327.4800109863281,348.67999267578125,190716800.0
1750723200,356.1700134277344,356.260009765625,340.44000244140625,340.4700012207031,114736200.0
1750809600,342.70001220703125,343.0,320.3999938964844,327.54998779296875,119845100.0
1750896000,324.6099853515625,331.04998779296875,323.6099853515625,325.7799987792969,80440900.0
1750982400,324.510009765625,329.3399963378906,317.5,323.6300048828125,89067000.0
1751241600,319.8999938964844,325.5799865722656,316.6000061035156,317.6600036621094,76695100.0
1751328000,298.4599914550781,305.8900146484375,293.2099914550781,300.7099914550781,145085700.0
1751414400,312.6300048828125,316.8299865722656,303.82000732421875,315.6499938964844,119483700.0
1751500800,317.989990234375,318.45001220703125,312.760009765625,315.3500061035156,58042300.0
1751846400,291.3699951171875,296.1499938964844,288.7699890136719,293.94000244140625,131177900.0
1751932800,297.0,304.04998779296875,294.3500061035156,297.80999755859375,103246700.0
1752019200,297.54998779296875,300.1499938964844,293.54998779296875,295.8800048828125,75586800.0
1752105600,300.04998779296875,310.4800109863281,300.0,309.8699951171875,104365300.0
1752192000,307.8900146484375,314.0899963378906,305.6499938964844,313.510009765625,79236400.0
1752451200,317.7300109863281,322.6000061035156,312.6700134277344,316.8999938964844,78043400.0
1752537600,319.67999267578125,321.20001220703125,310.5,310.7799987792969,77556300.0
1752624000,312.79998779296875,323.5,312.6199951171875,321.6700134277344,97284800.0
1752710400,323.1499938964844,324.3399963378906,317.05999755859375,319.4100036621094,73922900.0
1752796800,321.6600036621094,330.8999938964844,321.4200134277344,329.6499938964844,94255000.0
1753056000,334.3999938964844,338.0,326.8800048828125,328.489990234375,75768800.0
1753142400,329.739990234375,335.4100036621094,321.54998779296875,332.1099853515625,77370400.0
1753228800,330.8999938964844,336.20001220703125,328.6700134277344,332.55999755859375,92553800.0
1753315200,310.0,310.1499938964844,300.4100036621094,305.29998779296875,156966000.0
1753401600,308.739990234375,323.6300048828125,308.010009765625,316.05999755859375,148227000.0
1753660800,318.45001220703125,330.489990234375,315.69000244140625,325.5899963378906,112673800.0
1753747200,325.54998779296875,326.25,318.25,321.20001220703125,87358900.0
1753833600,322.17999267578125,324.45001220703125,311.6199951171875,319.0400085449219,83931900.0
1753920000,319.6099853515625,321.3699951171875,306.1000061035156,308.2699890136719,85270900.0
1754006400,306.2099914550781,309.30999755859375,297.82000732421875,302.6300048828125,89121400.0
1754265600,309.0799865722656,312.1199951171875,303.0,309.260009765625,78683900.0
1754352000,308.95001220703125,312.45001220703125,305.5,308.7200012207031,57961300.0
1754438400,307.8900146484375,320.4700012207031,306.92999267578125,319.9100036621094,78523600.0
1754524800,319.7900085449219,322.3999938964844,316.1600036621094,322.2699890136719,66658700.0
1754611200,321.42999267578125,335.1499938964844,320.9800109863281,329.6499938964844,91200300.0
1754870400,335.0,346.6400146484375,334.1499938964844,339.0299987792969,105320200.0
1754956800,345.0,345.260009765625,332.94000244140625,340.8399963378906,80522100.0
1755043200,341.5,348.9800109863281,338.20001220703125,339.3800048828125,67838900.0
1755129600,335.760009765625,340.4700012207031,330.3999938964844,335.5799865722656,75000700.0
1755216000,337.6600036621094,339.29998779296875,327.0199890136719,330.55999755859375,74319800.0
1755475200,329.6199951171875,336.2699890136719,329.5899963378906,335.1600036621094,56956600.0
1755561600,335.7900085449219,340.54998779296875,327.8500061035156,329.30999755859375,75956000.0
1755648000,329.2200012207031,331.3699951171875,314.6000061035156,323.8999938964844,77481800.0
1755734400,322.0799865722656,324.8999938964844,318.67999267578125,320.1099853515625,55744400.0
1755820800,321.6600036621094,340.25,319.69000244140625,340.010009765625,94016300.0
1756080000,338.8999938964844,349.5299987792969,335.0299987792969,346.6000061035156,86670000.0
1756166400,344.92999267578125,351.8999938964844,343.7200012207031,351.6700134277344,76651600.0
1756252800,351.94000244140625,355.3900146484375,349.1600036621094,349.6000061035156,65519000.0
1756339200,350.9100036621094,353.54998779296875,340.260009765625,345.9800109863281,67903200.0
1756425600,347.2300109863281,348.75,331.70001220703125,333.8699951171875,81145700.0
1756771200,328.2300109863281,333.3299865722656,325.6000061035156,329.3599853515625,58392000.0
1756857600,335.20001220703125,343.3299865722656,328.510009765625,334.0899963378906,88733300.0
1756944000,336.1499938964844,338.8900146484375,331.4800109863281,338.5299987792969,60711000.0
1757030400,348.0,355.8699951171875,344.67999267578125,350.8399963378906,108989800.0
1757289600,354.6400146484375,358.44000244140625,344.8399963378906,346.3999938964844,75208300.0
1757376000,348.44000244140625,350.7699890136719,343.82000732421875,346.9700012207031,53816000.0
1757462400,350.54998779296875,356.3299865722656,346.07000732421875,347.7900085449219,72121700.0
1757548800,350.1700134277344,368.989990234375,347.6000061035156,368.80999755859375,103756000.0
1757635200,370.94000244140625,396.69000244140625,370.239990234375,395.94000244140625,168156400.0
1757894400,423.1300048828125,425.70001220703125,402.42999267578125,410.0400085449219,163823700.0
1757980800,414.5,423.25,411.42999267578125,421.6199951171875,104285700.0
1758067200,415.75,428.30999755859375,409.6700134277344,425.8599853515625,106133500.0
1758153600,428.8699951171875,432.2200012207031,416.55999755859375,416.8500061035156,90454500.0
1758240000,421.82000732421875,429.4700012207031,421.7200012207031,426.07000732421875,93131000.0
1758499200,431.1099853515625,444.9800109863281,429.1300048828125,434.2099914550781,97108800.0
1758585600,439.8800048828125,440.9700012207031,423.7200012207031,425.8500061035156,83422700.0
1758672000,429.8299865722656,444.2099914550781,429.0299987792969,442.7900085449219,93133600.0
1758758400,435.239990234375,435.3500061035156,419.0799865722656,423.3900146484375,96746400.0
1758844800,428.29998779296875,440.4700012207031,421.0199890136719,440.3999938964844,101628200.0
1759104000,444.3500061035156,450.9800109863281,439.5,443.2099914550781,79491500.0
1759190400,441.5199890136719,445.0,433.1199951171875,444.7200012207031,74358000.0
1759276800,443.79998779296875,462.2900085449219,440.75,459.4599914550781,98122300.0
1759363200,470.5400085449219,470.75,435.57000732421875,436.0,137009000.0
1759449600,443.2900085449219,446.7699890136719,416.5799865722656,429.8299865722656,133188200.0
1759708800,440.75,453.54998779296875,436.69000244140625,453.25,85324900.0
1759795200,447.82000732421875,452.67999267578125,432.45001220703125,433.0899963378906,102296100.0
1759881600,437.57000732421875,441.3299865722656,425.2300109863281,438.69000244140625,71192100.0
1759968000,431.80999755859375,436.3500061035156,426.17999267578125,435.5400085449219,69339900.0
1760054400,436.5400085449219,443.1300048828125,411.45001220703125,413.489990234375,112107900.0
1760313600,423.5299987792969,436.8900146484375,419.70001220703125,435.8999938964844,79552800.0
1760400000,426.7900085449219,434.20001220703125,417.8599853515625,429.239990234375,72669400.0
1760486400,434.8999938964844,440.510009765625,426.3299865722656,435.1499938964844,71558200.0
1760572800,434.7300109863281,439.3500061035156,421.30999755859375,428.75,77189900.0
1760659200,425.5,441.4599914550781,423.6000061035156,439.30999755859375,89331600.0
1760918400,443.8699951171875,449.79998779296875,440.6099853515625,447.42999267578125,63719000.0
1761004800,445.760009765625,449.29998779296875,442.04998779296875,442.6000061035156,54412200.0
1761091200,443.45001220703125,445.5400085449219,429.0,438.9700012207031,84023500.0
1761177600,420.0,449.3999938964844,413.8999938964844,448.9800109863281,126709800.0
1761264000,446.8299865722656,451.67999267578125,430.1700134277344,433.7200012207031,94727800.0
1761523200,439.9800109863281,460.1600036621094,438.69000244140625,452.4200134277344,105867500.0
1761609600,454.7799987792969,467.0,451.6000061035156,460.54998779296875,80185700.0
1761696000,462.5,465.70001220703125,452.6499938964844,461.510009765625,67983500.0
1761782400,451.04998779296875,455.05999755859375,439.6099853515625,440.1000061035156,72447900.0
1761868800,446.75,458.0,443.69000244140625,456.55999755859375,83135800.0
1762128000,455.989990234375,474.07000732421875,453.79998779296875,468.3699951171875,84595200.0
1762214400,454.4599914550781,460.2200012207031,443.6000061035156,444.260009765625,87756600.0
1762300800,452.04998779296875,466.3299865722656,440.7099914550781,462.07000732421875,85573000.0
1762387200,461.9599914550781,467.45001220703125,435.0899963378906,445.9100036621094,109622900.0
1762473600,437.9200134277344,439.3599853515625,421.8800048828125,429.5199890136719,103471500.0
1762732800,439.6000061035156,449.6700134277344,433.3599853515625,445.2300109863281,76515900.0
1762819200,439.3999938964844,442.489990234375,432.3599853515625,439.6199951171875,60533200.0
1762905600,442.1499938964844,442.3299865722656,426.55999755859375,430.6000061035156,58513500.0
1762992000,423.1300048828125,424.5,396.3399963378906,401.989990234375,118948000.0
1763078400,386.29998779296875,412.19000244140625,382.7799987792969,404.3500061035156,105506700.0
1763337600,398.739990234375,423.9599914550781,398.739990234375,408.9200134277344,102214300.0
1763424000,405.3800048828125,408.8999938964844,393.7099914550781,401.25,80688600.0
1763510400,406.17999267578125,411.7799987792969,398.5,403.989990234375,72047700.0
1763596800,414.6300048828125,428.94000244140625,394.739990234375,395.2300109863281,113548800.0
1763683200,402.32000732421875,402.79998779296875,383.760009765625,391.0899963378906,100460600.0
1763942400,402.1700134277344,421.7200012207031,401.0899963378906,417.7799987792969,96806400.0
1764028800,414.4200134277344,420.4800109863281,405.95001220703125,419.3999938964844,71915600.0
1764115200,423.95001220703125,426.94000244140625,416.8900146484375,426.5799865722656,63463000.0
1764288000,426.5899963378906,432.92999267578125,426.20001220703125,430.1700134277344,36252900.0
1764547200,425.32000732421875,433.6600036621094,425.2900085449219,430.1400146484375,57463600.0
1764633600,430.80999755859375,436.79998779296875,422.1199951171875,429.239990234375,69336600.0
1764720000,432.1000061035156,447.9200134277344,431.1099853515625,446.739990234375,87483000.0
1764806400,449.94000244140625,454.6300048828125,445.3900146484375,454.5299987792969,71906500.0
1764892800,453.0299987792969,458.8699951171875,451.6600036621094,455.0,56427500.0
1765152000,447.45001220703125,449.75,435.25,439.5799865722656,69165800.0
1765238400,437.5400085449219,452.3900146484375,435.70001220703125,445.1700134277344,62367400.0
1765324800,446.07000732421875,456.8800048828125,443.6099853515625,451.45001220703125,63257500.0
1765411200,448.95001220703125,449.2699890136719,440.3299865722656,446.8900146484375,55979500.0
1765497600,448.0899963378906,463.010009765625,441.6700134277344,458.9599914550781,95656700.0
1765756800,469.44000244140625,481.7699890136719,467.6600036621094,475.30999755859375,114542200.0
1765843200,472.2099914550781,491.5,465.8299865722656,489.8800048828125,107608100.0
1765929600,488.2200012207031,495.2799987792969,466.20001220703125,467.260009765625,106490400.0
1766016000,478.1600036621094,490.8599853515625,473.1199951171875,483.3699951171875,95168400.0
1766102400,488.1199951171875,490.489990234375,474.7200012207031,481.20001220703125,103305400.0
1766361600,489.8800048828125,498.8299865722656,485.3299865722656,488.7300109863281,86916100.0
1766448000,489.3999938964844,491.9700012207031,482.8399963378906,485.55999755859375,58223600.0
1766534400,488.4800109863281,490.8999938964844,476.79998779296875,485.3999938964844,41285400.0
1766707200,485.2300109863281,489.0899963378906,473.82000732421875,475.19000244140625,58780700.0
1766966400,469.0,469.3999938964844,459.0,459.6400146484375,66263000.0
1767052800,461.0899963378906,463.1199951171875,453.8299865722656,454.42999267578125,59238500.0
1767139200,456.1000061035156,456.54998779296875,449.29998779296875,449.7200012207031,49078000.0
1767312000,457.79998779296875,458.3399963378906,435.29998779296875,438.07000732421875,85535400.0
1767571200,447.989990234375,457.54998779296875,444.57000732421875,451.6700134277344,67940800.0
1767657600,446.3800048828125,448.25,428.7799987792969,432.9599914550781,89093800.0
1767744000,435.8999938964844,438.3699951171875,431.2900085449219,431.4100036621094,59828800.0
1767830400,427.8900146484375,436.8900146484375,424.3699951171875,435.79998779296875,57041100.0
1767916800,435.95001220703125,449.04998779296875,430.3900146484375,445.010009765625,67331500.0
1768176000,441.2300109863281,454.29998779296875,438.0,448.9599914550781,61649600.0
1768262400,450.20001220703125,451.80999755859375,443.95001220703125,447.20001220703125,53719200.0
1768348800,442.80999755859375,443.9100036621094,434.2200012207031,439.20001220703125,57259500.0
1768435200,441.1300048828125,445.3599853515625,437.6499938964844,438.57000732421875,49465800.0
1768521600,439.5,447.25,435.260009765625,437.5,60220600.0
1768867200,429.3599853515625,430.7300109863281,417.44000244140625,419.25,63187300.0
1768953600,421.6600036621094,438.20001220703125,419.6199951171875,431.44000244140625,68124000.0
1769040000,435.1600036621094,449.5,432.6300048828125,449.3599853515625,71546700.0
1769126400,447.42999267578125,452.42999267578125,444.0400085449219,449.05999755859375,56771400.0
1769385600,445.0,445.0400085449219,434.2799987792969,435.20001220703125,49397400.0
1769472000,437.4100036621094,437.5199890136719,430.69000244140625,430.8999938964844,37733100.0
1769558400,431.9100036621094,438.260009765625,430.1000061035156,431.4599914550781,54857400.0
1769644800,437.79998779296875,440.2300109863281,414.6199951171875,416.55999755859375,81686100.0
1769731200,425.3500061035156,439.8800048828125,422.70001220703125,430.4100036621094,82626100.0
1769990400,421.2900085449219,427.1499938964844,414.5,421.80999755859375,58739500.0
1770076800,424.2699890136719,428.55999755859375,413.69000244140625,421.9599914550781,56886500.0
1770163200,420.4599914550781,423.8999938964844,399.17999267578125,406.010009765625,74606900.0
1770249600,397.0199890136719,402.1000061035156,387.5299987792969,397.2099914550781,72819800.0
1770336000,400.8699951171875,414.54998779296875,397.75,411.1099853515625,62677100.0
1770595200,409.9100036621094,421.25,407.2900085449219,417.32000732421875,54484300.0
1770681600,418.0799865722656,427.25,417.0,425.2099914550781,64450200.0
1770768000,427.9599914550781,436.3500061035156,420.0299987792969,428.2699890136719,57362000.0
1770854400,430.29998779296875,436.2300109863281,414.0,417.07000732421875,61933400.0
1770940800,414.30999755859375,424.05999755859375,410.8800048828125,417.44000244140625,51434100.0
1771286400,412.3599853515625,413.7200012207031,400.510009765625,410.6300048828125,59678800.0
1771372800,411.1099853515625,416.8999938964844,409.5799865722656,411.32000732421875,45921400.0
1771459200,407.25,415.25,404.1099853515625,411.7099914550781,51019600.0
1771545600,408.29998779296875,414.70001220703125,405.5,411.82000732421875,57912200.0
1771804800,407.2900085449219,407.70001220703125,394.0400085449219,399.8299865722656,69680000.0
1771891200,399.5,410.82000732421875,397.6400146484375,409.3800048828125,58579500.0
1771977600,412.1499938964844,420.3399963378906,412.1499938964844,417.3999938964844,54809700.0
1772064000,414.4200134277344,416.80999755859375,403.6600036621094,408.5799865722656,53602500.0
1772150400,402.94000244140625,407.1199951171875,398.1099853515625,402.510009765625,56890100.0
1772409600,390.6000061035156,404.5400085449219,388.25,403.32000732421875,55088300.0
1772496000,395.0899963378906,396.3399963378906,385.3900146484375,392.42999267578125,62617300.0
1772582400,397.8500061035156,408.3299865722656,394.5799865722656,405.94000244140625,68305500.0
1772668800,401.57000732421875,408.6199951171875,399.4200134277344,405.54998779296875,51925900.0
1772755200,398.0899963378906,402.3500061035156,394.2099914550781,396.7300109863281,64054600.0
1773014400,390.04998779296875,401.5899963378906,381.3999938964844,398.67999267578125,67018900.0
1773100800,402.2200012207031,406.5899963378906,398.19000244140625,399.239990234375,59258700.0
1773187200,402.2799987792969,416.3800048828125,402.1499938964844,407.82000732421875,62559900.0
1773273600,405.17999267578125,406.5,394.6499938964844,395.010009765625,60973800.0
1773360000,399.1700134277344,400.20001220703125,389.95001220703125,391.20001220703125,58504100.0
1773619200,396.2200012207031,403.7300109863281,394.4200134277344,395.55999755859375,58068300.0
1773705600,395.69000244140625,400.1199951171875,393.0,399.2699890136719,46890500.0
1773792000,399.0,403.07000732421875,392.30999755859375,392.7799987792969,50853100.0
1773878400,387.2699890136719,387.2699890136719,378.7300109863281,380.29998779296875,67078300.0
1773964800,379.8500061035156,379.8900146484375,364.4599914550781,367.9599914550781,78628600.0
1774224000,373.0899963378906,385.3299865722656,372.7300109863281,380.8500061035156,74606000.0
1774310400,376.55999755859375,387.4800109863281,376.30999755859375,383.0299987792969,60004900.0
1774396800,389.989990234375,396.2300109863281,385.010009765625,385.95001220703125,55157300.0
1774483200,381.6000061035156,384.44000244140625,371.8699951171875,372.1099853515625,55522900.0
1774569600,369.69000244140625,369.8599853515625,359.4700012207031,361.8299865722656,62065700.0
1774828800,365.8599853515625,367.2900085449219,352.1400146484375,355.2799987792969,67954400.0
1774915200,361.510009765625,373.3299865722656,361.0,371.75,75534900.0
1775001600,378.6300048828125,383.1400146484375,374.0799865722656,381.260009765625,58683800.0
1775088000,364.20001220703125,370.2799987792969,359.0299987792969,360.5899963378906,83031200.0
1775433600,362.5899963378906,367.7200012207031,346.6400146484375,352.82000732421875,77697600.0
1775520000,346.44000244140625,348.0199890136719,337.239990234375,346.6499938964844,74515400.0
1775606400,363.7900085449219,364.5,339.6700134277344,343.25,78838600.0
1775692800,343.1499938964844,348.8800048828125,337.25,345.6199951171875,62164000.0
1775779200,346.2900085449219,350.3599853515625,342.739990234375,348.95001220703125,51336000.0
1776038400,350.07000732421875,356.3500061035156,348.57000732421875,352.4200134277344,53617500.0
1776124800,357.6700134277344,367.6300048828125,354.7699890136719,364.20001220703125,59979600.0
1776211200,366.8299865722656,394.6499938964844,362.5,391.95001220703125,113810400.0
1776297600,393.80999755859375,394.05999755859375,381.79998779296875,388.8999938964844,63515100.0
1776384000,395.9200134277344,409.2799987792969,391.6499938964844,400.6199951171875,90640000.0
1776643200,402.5799865722656,406.79998779296875,388.3299865722656,392.5,64603900.0
1776729600,393.0,393.95001220703125,385.2200012207031,386.4200134277344,50530600.0
1776816000,387.57000732421875,393.010009765625,385.29998779296875,387.510009765625,62362800.0
1776902400,375.2799987792969,386.0,368.3900146484375,373.7200012207031,93969500.0
1776988800,373.5,382.760009765625,370.7300109863281,376.29998779296875,62893300.0
1777248000,372.0899963378906,380.7799987792969,364.0199890136719,378.6700134277344,66735800.0
1777334400,374.67999267578125,382.2900085449219,372.5400085449219,376.0199890136719,50864400.0
1777420800,375.3999938964844,376.3999938964844,370.0400085449219,372.79998779296875,45384800.0
1777507200,372.75,384.75,368.1700134277344,381.6300048828125,51076000.0
1777593600,382.489990234375,397.82000732421875,378.79998779296875,390.82000732421875,65338300.0
1777852800,390.2300109863281,394.6400146484375,384.79998779296875,392.510009765625,48765100.0
1777939200,395.19000244140625,402.1199951171875,389.0,389.3699951171875,47780600.0
1778025600,386.25,401.67999267578125,384.0199890136719,398.7300109863281,53465400.0
1778112000,407.4800109863281,415.8299865722656,402.1199951171875,411.7900085449219,64294200.0
1778198400,416.4800109863281,431.20001220703125,416.3900146484375,428.3500061035156,65050000.0
1778457600,422.1600036621094,449.1600036621094,416.79998779296875,445.0,78376100.0
1778544000,441.4100036621094,447.79998779296875,422.260009765625,433.45001220703125,60569300.0
1778630400,436.6700134277344,453.3999938964844,430.2099914550781,445.2699890136719,68283200.0
1778716800,446.489990234375,451.9800109863281,441.1600036621094,443.29998779296875,46070400.0
1778803200,433.9800109863281,434.6600036621094,422.0,422.239990234375,52688700.0
1779062400,419.2699890136719,421.1300048828125,405.3299865722656,409.989990234375,52474200.0
1779148800,403.1600036621094,405.6300048828125,393.6300048828125,404.1099853515625,46500600.0
1779235200,407.6000061035156,417.4599914550781,406.3900146484375,417.260009765625,45294700.0
1779321600,422.17999267578125,426.95001220703125,412.8999938964844,417.8500061035156,42636900.0
1779408000,422.6700134277344,431.510009765625,420.510009765625,426.010009765625,46104700.0
1779753600,430.260009765625,435.20001220703125,426.1199951171875,433.5899963378906,45658900.0
1779840000,442.8900146484375,445.6000061035156,435.5199890136719,440.3599853515625,44656500.0
1779926400,437.6199951171875,443.9599914550781,436.29998779296875,442.1000061035156,32435000.0
1780012800,439.8500061035156,441.07000732421875,428.1400146484375,435.7900085449219,45176800.0
1780272000,427.489990234375,429.6000061035156,415.42999267578125,415.8800048828125,44937900.0
1780358400,418.2200012207031,424.4200134277344,413.6499938964844,423.739990234375,37596000.0
1780444800,418.70001220703125,433.6000061035156,416.0,423.70001220703125,44500700.0
1780531200,419.8399963378906,426.3500061035156,417.1600036621094,418.45001220703125,35323300.0
1780617600,420.5,424.67999267578125,388.5899963378906,391.0,63420200.0
1780876800,396.3299865722656,412.94000244140625,394.7200012207031,408.95001220703125,50328800.0
1780963200,411.0299987792969,418.5,384.239990234375,396.67999267578125,59940200.0
1781049600,391.5400085449219,397.0899963378906,380.1499938964844,381.5899963378906,49695600.0
1781136000,388.2799987792969,399.5400085449219,380.6600036621094,399.1499938964844,45324300.0
1781222400,399.489990234375,406.67999267578125,386.760009765625,406.42999267578125,63514500.0
1781481600,412.3699951171875,416.0,407.1000061035156,411.1499938964844,45620500.0
1781568000,404.1099853515625,412.4200134277344,400.5400085449219,404.6600036621094,40255500.0
1781654400,401.5299987792969,405.94000244140625,393.760009765625,396.3800048828125,43534300.0
1781740800,398.1000061035156,402.5199890136719,384.70001220703125,400.489990234375,58384700.0
1782086400,394.8500061035156,414.75,394.3999938964844,405.04998779296875,47630296.0
